# SNPs used for fine-mapping of chr 6 eQTL,,,,,,,,,,
# Identification of Slco1a6 is a candidate gene that broadly affects gene expression in mouse pancreatic islets (Tian et al.),,,,,,,,,,
Gene symbol,Chr ,bp (build 37),SNP ID,flanking sequence (50 bp on each side of SNP),B6 ref,BTBR,Forward primer,Reverse primer,SNP type,AA change
Gm5724,chr6,141684769,rs37215304,GGAGCACACTTATAAGGAGATAAAGCATATAAATTGGATTGCAGGAGAGGYTCTTCATTAATGGAAAGAAATCTGAAACAAAAGCATGTAGAGATCACCA,T,C,CCATATTGCTGTTCCAGGTACT,GAACTTTAGCCACTAGGGATCAT ,non synonymous coding,N311S
Slco1a1,chr6,141874184,N/A,GTAGTTCTTTCTTTGGCAGTGTCTTTGGAAAGAAGAAAAAGGGGATGCTGRTCAGGATATTCACTCCTGCACAGACCAAAAAGCCAATCCACCAAGCACC,G,A,AGTGACAGATGCCCACTAAAC,GACCACAAGTTCAAGACACAAAC,non synonymous coding,T259I
NA,chr6,141913339,rs36413998,GCATTATACTTGTTCGTTATCTGTAATAAAATTCACATTGTGGAACGAGCRGAAGGTTTATGTTTTTGAGTCAGTAAAAGTTTGCCCTCCCAAACAATAG,G,A,GGGAAACTAAGGTTGTTGGTAGA,AGAGGAGAGAAGAACAGTAGGG,intergenic,N/A
NA,chr6,141970950,N/A,GAAGCCACTGGGAAAGAAAATCATTGAGTAGTGATGGGTAGCTTTTGCCAYTGTGCACTTAATTTCAGAGGGAAGAAAAGGACTGAGGAAAACCATTCTT,T,C,CAAGACAGTAGCAGGTGTTAGG,TCTGAGAGACCCGTGATACAA,intergenic,N/A
NA,chr6,141970951,N/A,AAGCCACTGGGAAAGAAAATCATTGAGTAGTGATGGGTAGCTTTTGCCATKGTGCACTTAATTTCAGAGGGAAGAAAAGGACTGAGGAAAACCATTCTTA,T,G,CAAGACAGTAGCAGGTGTTAGG,TCTGAGAGACCCGTGATACAA,intergenic,N/A
NA,chr6,141970986,N/A,GGTAGCTTTTGCCATTGTGCACTTAATTTCAGAGGGAAGAAAAGGACTGARGAAAACCATTCTTAATTCCAGTTGTCACCCGCCCTGCACCACCTTGGGT,G,A,CAAGACAGTAGCAGGTGTTAGG,TCTGAGAGACCCGTGATACAA,intergenic,N/A
NA,chr6,141971021,N/A,GAAGAAAAGGACTGAGGAAAACCATTCTTAATTCCAGTTGTCACCCGCCCYGCACCACCTTGGGTGTGAACTCAGAGGACAGTCCCAAGTTCCCCAGCGA,T,C,CAAGACAGTAGCAGGTGTTAGG,TCTGAGAGACCCGTGATACAA,intergenic,N/A
NA,chr6,141979254,rs52543135,GTGTTTGTGTATGTGTTTGGGTGTTTGAAGATGTACATATGTGCAGAACARAACCACATCGGGTATTGGTCCTCACCTTCCATTTGATTGAGGCAGGGTA,A,G,ACTTGGCTGTGACTCCATTAG,ATGCAAGAGGAGATTGGAAAGA,intergenic,N/A
Slco1a6,chr6,142034947,rs51801967,GAAACCTCATTACAGCTTAGTTTTCAGTTCTCCATCGTTCTCGACCTTAGRACTTTTGTGCATGTCTGTGCACTCACTTTCCTTCTCTGTGGGCTTCGTC,A,G,GTGCTACCCTGAAGTTCTGAAA,CAATAGGCGCCTCTATCTTGG,non synonymous coding,S658P
Slco1a6,chr6,142051511,rs13462749,AGGGGAAGTACTACCAAGCAAATAATGAAAGTACATACCAATGAGGAAGAYTGCCTTTGCTGTGGAGATTCCAAAATGATGTTCCAGGTATTTAGGCTTG,C,T,GACGACTTGTTTCCCTGTCAT,GACTTGATGGTCTCAACACTCC,non synonymous coding,V355I
Slco1a6,chr6,142106246,rs32147628,TGTTCTCTTTTTCTGCATTCTCAAGCACAACACAGGATGCAATTGTCAGARAAGAGTGAAGAGTGACCTATGGGGTTGTTTTTCTCCTTTGTACAATATT,G,A,TGCACTCTGAACACACAGAATAG,GGCAGGTAGTTGGAAGTGTTT,downstream,N/A
NA,chr6,142166806,rs32153144,CTAAAACCTTTAATTATGACTCATCAGTAGTACTTGGTGTAATTAGATGASGTTATACATTTATTACTAACCAGGCCATAATTATGAGTTAGTGGAAATT,G,C,GGATCCTTTGGGAGAAGAGTAAG ,GGAAAGGAAAGCAGCAACTATG,intergenic,N/A
NA,chr6,142177340,rs32152292,AAAGGTAAATTCAATGTGTACATGCAACACATTGAAGAAGAAACTCATAGRGAAGAACCTGCTGTCCTCACATTGGCTGAGAAGTAAGGAGAGATTGGTT,G,A,GACTAACAGACTGGCTACACAA,CATTAAGAGGTGGTGCCTAGAA,intergenic,N/A
Slco1a5,chr6,142246802,N/A,CGCCATCACCCACACAAAGGCACTCAGTATGTGGTCTACTAATATTTACCYAAGTGTTAATGTGTTGATGGCCCACCTGCTCCATCTGCCAATGAAACCC,T,C,GCCCTTGGCTATGACTTCTC,CACAGGGTATCCTTTACCTTTCA,intronic,N/A
NA,chr6,142277172,rs32160582,AAAAAAAAGGAAACAAATTGTATGGGTAGAGGAGGAGAGATGGTAGAGATRAATCTGGGAAGAGTTAGAGAAGACGGTGAATATGATCAAAACATGAAAC,G,A,TCCACAAGATGAAGCCCATAC,GGACGTGAAGTTGGGAAAGA,intergenic,N/A
Pyroxd1,chr6,142297143,N/A,GCTGGAAAGTCGCTTTCCCAACATTAAGGTCATCGAATCTGGAGTAAAGCRGTTGAAAAGTGAAGACCATGTAAGACTTCTTCCTGTTAAATGATATGTT,A,G,GACCGCCAGACCTTTAACTT,CATCCCAGCAGGTGACTTATC,non synonymous coding,Q86R
Pyroxd1,chr6,142306955,rs32163119,TCTTTTCTTTAAAGAAATGTGGCCTGTGTATGTGGAACTGACCAATGGGAMAATATACGGCTGTGATTTCCTTGTCAGCGCTACAGGAGTCACCCCAAAC,C,A,TCGCCGTTCCTGTAACATTC,GCCATCTTGGGTTACAGCTAATA,non synonymous coding,T304K
NA,chr6,142421188,rs32181060,CATCACCACTGGAGTCCCCTATGTCTCTGGCCCACCATGGCCAGTGTTGCRAGTAGTACAAACCTTTGTTGGTCACCTCCCAAGAAACTTCAAAAAG,A,G,CCTATTCAGCCACTCACTAC,CCACACAGCTGGAAGAAGAA,intergenic,N/A
NA,chr6,143213027,rs36537203,TTTAAAATTTAAATTAAGTTTACTTTAATGGATATGCAAACACAGAATACYTGCACCTTCTGTCAAAGCTGAGGCTGTTGGGCTGACAAATGGTTGTTGGC,T,C,ACGCAGACACGACAAACA,CAGACAAAGACAGAGAGACAGAC,intergenic,N/A
NA,chr6,143213530,rs36821985,GTCACAGCGTACAGAAAGTAACTTCTGGAGTTACCTAGTCCTTGTGATAAYTGTTGGGTCCAGGTACTGTTTTCAATGCTATTCATATAGCAATTCATTTA,C,T,CTAAGCCCAGGAAGACAGAAG,TGACAGGAGCTCAGAACATAAC,intergenic,N/A
NA,chr6,144058889,rs30707584,CAGTATGGCAATAGTAATGAAGGAGATTAAGCTTAGTTTTTACAAAAAATWTTTTGAATATTTAGTATGACTTTCTGAACTTTAATGAGTATAATATTGGAGTAAAGTTAA,T,A,ATCACCCACGTCAGCAGTAT,AGGAGGAGGAGGAGGAGAAA,intergenic,N/A
